{
	"partitions" : [
		{
			"name" : "Top",
			"pins" : [
				{
					"name" : "decoded_bit[0]",
					"strict" : false
				},
				{
					"name" : "decoded_bit[1]",
					"strict" : false
				},
				{
					"name" : "decoded_bit[2]",
					"strict" : false
				},
				{
					"name" : "decoded_bit[3]",
					"strict" : false
				},
				{
					"name" : "clk",
					"strict" : false
				},
				{
					"name" : "altera_reserved_tms",
					"strict" : false
				},
				{
					"name" : "altera_reserved_tck",
					"strict" : false
				},
				{
					"name" : "altera_reserved_tdi",
					"strict" : false
				},
				{
					"name" : "altera_reserved_tdo",
					"strict" : false
				}
			]
		}
	]
}